{"cameraMode":{"drawMode":0,"name":"Shaded","section":"Shading Mode"},"sceneLighting":false,"audioPlay":false,"sceneViewState":{"m_AlwaysRefresh":false,"showFog":true,"showSkybox":false,"showFlares":true,"showImageEffects":true,"showParticleSystems":true,"showVisualEffectGraphs":true,"m_FxEnabled":true},"in2DMode":false,"pivot":{"x":-13.920938491821289,"y":15.19297981262207,"z":-123.47008514404297},"rotation":{"x":0.010741244070231915,"y":-0.9752361178398132,"z":0.2155226171016693,"w":0.048603739589452746},"size":4.731364727020264,"orthographic":true}