{"cameraMode":{"drawMode":0,"name":"Shaded","section":"Shading Mode"},"sceneLighting":true,"audioPlay":false,"sceneViewState":{"m_AlwaysRefresh":false,"showFog":true,"showSkybox":true,"showFlares":true,"showImageEffects":true,"showParticleSystems":true,"showVisualEffectGraphs":true,"m_FxEnabled":true},"in2DMode":false,"pivot":{"x":96.4980697631836,"y":21.082088470458986,"z":95.47869873046875},"rotation":{"x":0.03277171775698662,"y":-0.11604835093021393,"z":0.0038208067417144777,"w":0.9927083253860474},"size":1.0947763919830323,"orthographic":true}