{"cameraMode":{"drawMode":0,"name":"Shaded","section":"Shading Mode"},"sceneLighting":true,"audioPlay":false,"sceneViewState":{"m_AlwaysRefresh":false,"showFog":true,"showSkybox":true,"showFlares":true,"showImageEffects":true,"showParticleSystems":true,"showVisualEffectGraphs":true,"m_FxEnabled":true},"in2DMode":false,"pivot":{"x":52.84147644042969,"y":20.844484329223634,"z":52.67941665649414},"rotation":{"x":0.007117231842130423,"y":-0.9915825128555298,"z":0.06255774199962616,"w":0.11382653564214707},"size":2681.84814453125,"orthographic":true}