{"cameraMode":{"drawMode":0,"name":"Shaded","section":"Shading Mode"},"sceneLighting":false,"audioPlay":false,"sceneViewState":{"m_AlwaysRefresh":false,"showFog":true,"showSkybox":false,"showFlares":true,"showImageEffects":true,"showParticleSystems":true,"showVisualEffectGraphs":true,"m_FxEnabled":true},"in2DMode":false,"pivot":{"x":2054.510009765625,"y":1109.469970703125,"z":98.33999633789063},"rotation":{"x":-0.06445781886577606,"y":0.0009052077657543123,"z":-0.00010092880256706849,"w":-0.9979937672615051},"size":1.7593804597854615,"orthographic":true}