{"cameraMode":{"drawMode":0,"name":"Shaded","section":"Shading Mode"},"sceneLighting":false,"audioPlay":false,"sceneViewState":{"m_AlwaysRefresh":false,"showFog":true,"showSkybox":false,"showFlares":true,"showImageEffects":true,"showParticleSystems":true,"showVisualEffectGraphs":true,"m_FxEnabled":true},"in2DMode":false,"pivot":{"x":-10.870748519897461,"y":10.79182243347168,"z":-37.578819274902347},"rotation":{"x":0.010741244070231915,"y":-0.9752361178398132,"z":0.2155226171016693,"w":0.048603739589452746},"size":2.222515344619751,"orthographic":true}